{
	"info": {
		"_postman_id": "8a1f6194-37bc-4536-aa16-e4719be6a2ad",
		"name": "HRIS",
		"schema": "https://schema.getpostman.com/json/collection/v2.1.0/collection.json"
	},
	"item": [
		{
			"name": "Adding Employee Record",
			"request": {
				"method": "POST",
				"header": [],
				"body": {
					"mode": "formdata",
					"formdata": [
						{
							"key": "firstname",
							"value": "Ivan Roir",
							"description": "",
							"type": "text"
						},
						{
							"key": "lastname",
							"value": "Bruselas",
							"description": "",
							"type": "text"
						},
						{
							"key": "phone",
							"value": "0945-362-7267",
							"description": "",
							"type": "text"
						},
						{
							"key": "email",
							"value": "ivan@invento.io",
							"description": "",
							"type": "text"
						},
						{
							"key": "address",
							"value": "Las Piñas",
							"description": "",
							"type": "text"
						},
						{
							"key": "postitle",
							"value": "Junior Web Developer",
							"description": "",
							"type": "text"
						},
						{
							"key": "password",
							"value": "qwerty",
							"description": "",
							"type": "text"
						},
						{
							"key": "middlename",
							"value": "Reyes",
							"description": "",
							"type": "text"
						}
					]
				},
				"url": {
					"raw": "localhost/hris/public/employee/addemployee",
					"host": [
						"localhost"
					],
					"path": [
						"hris",
						"public",
						"employee",
						"addemployee"
					]
				},
				"description": "Adding Employee Record"
			},
			"response": []
		},
		{
			"name": "Get Employee Record",
			"request": {
				"method": "GET",
				"header": [],
				"body": {},
				"url": {
					"raw": "localhost/hris/public/employee/getemployee/1",
					"host": [
						"localhost"
					],
					"path": [
						"hris",
						"public",
						"employee",
						"getemployee",
						"1"
					]
				},
				"description": "Getting Employee Record"
			},
			"response": []
		},
		{
			"name": "Validating Employee Login",
			"request": {
				"auth": {
					"type": "bearer"
				},
				"method": "POST",
				"header": [],
				"body": {
					"mode": "formdata",
					"formdata": [
						{
							"key": "email",
							"value": "vindex18@gmail.com",
							"description": "",
							"type": "text"
						},
						{
							"key": "password",
							"value": "qwerty",
							"description": "",
							"type": "text"
						}
					]
				},
				"url": {
					"raw": "localhost/hris/public/authorization/validatecredentials",
					"host": [
						"localhost"
					],
					"path": [
						"hris",
						"public",
						"authorization",
						"validatecredentials"
					]
				}
			},
			"response": []
		},
		{
			"name": "Root Testing Middleware",
			"request": {
				"method": "GET",
				"header": [],
				"body": {},
				"url": {
					"raw": "localhost/hris/public/",
					"host": [
						"localhost"
					],
					"path": [
						"hris",
						"public",
						""
					]
				},
				"description": "Root Testing for Middleware Flow"
			},
			"response": []
		},
		{
			"name": "Get All Employee Record",
			"request": {
				"method": "GET",
				"header": [],
				"body": {},
				"url": {
					"raw": "localhost/hris/public/employee/getallemployee",
					"host": [
						"localhost"
					],
					"path": [
						"hris",
						"public",
						"employee",
						"getallemployee"
					]
				},
				"description": "Getting All Employee Record"
			},
			"response": []
		}
	]
}